insert into Address (id, line_one, line_two, state, postal_code, country) values (100,'Glasgow Library','Glasgow Road','Glasgow','G1 ABC','Scotland');
insert into Address (id, line_one, line_two, state, postal_code, country) values (200,'Shetland Library','Shetland Road','Shetland','G1 ABC','Scotland');
insert into Address (id, line_one, line_two, state, postal_code, country) values (300,'456 Street','Glasgow Road','Glasgow','G1 ABC','Scotland');
insert into Address (id, line_one, line_two, state, postal_code, country) values (400,'789 Street','Aberdeen Road','Aberdeen','AB1 ABC','Scotland');
insert into Address (id, line_one, line_two, state, postal_code, country) values (500,'101 Street','Edinburgh Road','Edinburgh','EH1 ABC','Scotland');
insert into Address (id, line_one, line_two, state, postal_code, country) values (600,'101 Street','Edinburgh Road','Edinburgh','EH1 ABC','Scotland');
insert into Librarian (address_id,id,name,phone_number) values (100,100, 'Sarah','123456789');
insert into Librarian (address_id,id,name,phone_number) values (200,200, 'Vaila','748635475');
insert into Librarian (address_id,id,name,phone_number) values (600,300, 'Iona','678923465');
insert into LIBRARY_User (address_id,id,name,phone_number) values (300,400, 'Zaggy','987654321');
insert into LIBRARY_User (address_id,id,name,phone_number) values (400,500, 'Caspian','2346735773');
insert into LIBRARY_User (address_id,id,name,phone_number) values (500,600, 'Sarah','6538935544');
insert into Author (id,name) values (100,'Sarah Irvine');
insert into Author (id,name) values (200,'A. A. Milne');
insert into Author (id,name) values (300,'Hans Christian Andersen');
insert into Author (id,name) values (400,'Delia Owens');
insert into Author (id,name) values (500,'Bonnie Garmus');
insert into Author (id,name) values (600,'Matt Haig');
insert into Author (id,name) values (700,'Anna Wintour');
insert into Author (id,name) values (800,'Roula Khalaf');
insert into Director (id,name) values (100,'Richard Curtis');
insert into Director (id,name) values (200,'Martin Scorsese');
insert into Periodical (id,title,publication_date,genre,author_id) values (100, 'The Banach Tarski Paradox','2018-06-27','MATHS',100);
insert into Periodical (id,title,publication_date,genre,author_id) values (200, 'Vogue','2023-11-01','MAGAZINE',700);
insert into Periodical (id,title,publication_date,genre,author_id) values (300, 'Financial Times','2023-10-01','NEWSPAPER',800);
insert into Movie (id,title,genre,director_id) values (100,'Love Actually','ROMCOM',100);
insert into Movie (id,title,genre,director_id) values (200,'About Time','ROMCOM',100);
insert into Movie (id,title,genre,director_id) values (300,'The Wolf of Wall Street','DRAMA_BASED_ON_REAL_LIFE',200);
insert into Movie (id,title,genre,director_id) values (400,'Goodfellas','CRIME',200);
insert into Book (id,title,genre,author_id) values (100,'Winnie The Pooh','STORYBOOK',200);
insert into Book (id,title,genre,author_id) values (200,'The Little Mermaid','FAIRYTALE',300);
insert into Book (id,title,genre,author_id) values (300,'Where the Crawdads Sing','NOVEL',400);
insert into Book (id,title,genre,author_id) values (400,'Lessons in Chemistry','NOVEL',500);
insert into Book (id,title,genre,author_id) values (500,'The Midnight Library','FANTASY',600);
insert into user_book (user_id, book_id) values (400,200);
insert into user_book (user_id, book_id) values (400,300);
insert into user_book (user_id, book_id) values (400,400);
insert into user_book (user_id, book_id) values (500,200);
insert into user_book (user_id, book_id) values (500,100);
insert into user_book (user_id, book_id) values (600,500);
